model,I,expected_I,variance_I,z_score,p_value,significant
hba1c_mean_avg_slope_weighted_walkability_index,-0.0720659129846188,-0.021739130434782608,0.011469209876272765,-0.4699291834420335,0.6384056133429761,No
bmi_obesity_rate_avg_slope_weighted_walkability_index,0.5185456010032189,-0.021739130434782608,0.011469209876272765,5.044939290912107,4.536653882312039e-07,Yes
waist_mean_avg_slope_weighted_walkability_index,0.1145473224547877,-0.021739130434782608,0.011469209876272765,1.2725824754878037,0.20316624043866527,No
